generation,idx,cpu_m,mem_mib,replicas,fitness,f1,f2,f3,throughput,p95_latency_s,p99_latency_s,avg_latency_s,success_rate,total_requests,failed_requests,cpu_usage_cores,memory_usage_bytes,cpu_utilization,memory_utilization,cpu_throttling,memory_peak_usage_bytes,status,error,eval_time_s
0,0,300,384,1,0.6562797875074073,0.4976175669364036,0.675,-5.712852921259003,5.712852921259003,3.96879243850708,3.9934744834899902,3.7975824338952626,1.0,529,0,0.1886188937950519,63682267.428571425,0.6287296459835063,0.1581566220238095,0.8193928487165572,70803456.0,ok,,203.84663724899292
0,1,350,256,4,0.6729610818031748,0.4443292600025334,2.4,-21.44408011599498,21.44408011599498,3.7211992740631104,4.1832873821258545,1.0090321157511943,1.0,1958,0,0.1712008032722137,66710528.0,0.48914515220632493,0.24851608276367188,0.6080493891456918,75325440.0,ok,,273.4208731651306
0,2,550,1024,4,0.6696245841765865,0.3138395390295981,6.2,-38.4078558027242,38.4078558027242,1.5145795345306396,1.8978815078735352,0.5610348221480211,1.0,3471,0,0.2727975533417787,65171017.14285714,0.4959955515305067,0.0606952394757952,0.5533954782056806,79761408.0,ok,,251.38453006744385
0,3,500,896,1,0.6498682431822574,0.48197305201733764,1.375,-9.970840615353557,9.970840615353557,2.2688519954681396,2.28481125831604,2.189163181634076,1.0,904,0,0.3143066847265092,67106523.428571425,0.6286133694530184,0.07142608019770408,0.886409657327086,72847360.0,ok,,186.73503994941711
0,4,550,896,3,0.6624350440541491,0.3966056634632418,4.275,-30.570148148693676,30.570148148693676,1.40826416015625,1.9269235134124756,0.7066132821335916,1.0,2776,0,0.3081029090004273,69880880.76190476,0.5601871072735042,0.07437901918579932,0.7083506614688942,79728640.0,ok,,271.2644944190979
0,5,200,128,4,0.6644525956441092,0.6350974223356807,1.3,-13.734673610211571,13.734673610211571,3.579624891281128,4.579262733459473,1.568637657015224,1.0,1269,0,0.10382063712836645,66629924.571428575,0.5191031856418322,0.49643162318638395,0.6930769247494862,77459456.0,ok,,273.14069390296936
0,6,150,896,1,0.49301139168285035,0.45846015226397746,1.025,-2.661926883100719,2.661926883100719,11.683950185775757,12.883740663528442,8.597819508839047,0.9239543726235742,263,20,0.09042247536947287,66330624.0,0.6028165024631525,0.07060023716517858,0.832138112842687,79654912.0,ok,,207.8224766254425
0,7,150,384,2,0.6531772397417802,0.49380777083542676,1.05,-5.048762054480604,5.048762054480604,7.885633945465088,8.08324384689331,4.281522769623614,1.0,470,0,0.07585719915936585,66334720.0,0.505714661062439,0.16474405924479166,0.7926285625041869,78512128.0,ok,,204.71841406822205
0,8,200,896,4,0.6543673295455394,0.41026554257860043,4.3,-14.025595358411922,14.025595358411922,3.598813772201538,4.578965902328491,1.5456278734747249,1.0,1289,0,0.10201371671880477,66183753.14285714,0.5100685835940238,0.07044391242825256,0.7361935781817545,79237120.0,ok,,313.78487515449524
0,9,550,384,3,0.6665480829090487,0.45355866173268744,2.7750000000000004,-30.446732832516815,30.446732832516815,1.509131908416748,1.8060424327850342,0.7093144096326137,1.0,2760,0,0.3020588087382045,67639588.57142857,0.5491978340694627,0.16798473539806547,0.7091497941684999,79712256.0,ok,,280.29851388931274
0,10,150,128,4,0.6600932687745368,0.6677480181662186,1.1,-9.655056078126744,9.655056078126744,6.408141613006592,7.520794868469238,2.222313032266958,1.0,899,0,0.08141724640603897,65253376.0,0.5427816427069264,0.486175537109375,0.7605753820355623,77164544.0,ok,,300.6334319114685
0,11,200,128,1,0.5543294918973697,0.696206718310554,0.325,-3.4102520172365307,3.4102520172365307,12.333754539489746,12.353081226348877,6.545667510562473,0.9662576687116564,326,11,0.12003783584333193,69680566.85714285,0.6001891792166596,0.5191606794084821,0.8073914639648582,78520320.0,ok,,192.1959569454193
1,0,350,256,4,0.6729610818031748,0.4443292600025334,2.4,-21.44408011599498,21.44408011599498,3.7211992740631104,4.1832873821258545,1.0090321157511943,1.0,1958,0,0.1712008032722137,66710528.0,0.48914515220632493,0.24851608276367188,0.6080493891456918,75325440.0,ok,,273.4208731651306
1,1,300,640,2,0.6544666772280137,0.47696816866918534,1.85,-11.291508351747996,11.291508351747996,3.492187023162842,3.7720916271209717,1.9155424540383474,1.0,1050,0,0.17363677805962,67272996.57142857,0.5787892601987333,0.10024457659040178,0.8391047943696207,77062144.0,ok,,222.2201952934265
1,2,500,256,1,0.6611113279158135,0.5640281679948103,0.75,-9.355087293237837,9.355087293237837,2.3938562870025635,2.406752824783325,2.3291144025698736,1.0,863,0,0.3047414486941999,64885906.28571428,0.6094828973883998,0.24171883719308035,0.8414962773958704,76922880.0,ok,,165.94434595108032
1,3,450,256,4,0.6749611866212941,0.4657099267356413,2.8,-31.933983445082596,31.933983445082596,1.595149040222168,2.145902156829834,0.6752648920888086,1.0,2904,0,0.23313289061188525,68458057.14285715,0.5180730902486339,0.2550261361258371,0.6353230517134701,79482880.0,ok,,299.770391702652
1,4,500,384,4,0.6673648545096595,0.43743747973783387,3.5,-35.73206367543403,35.73206367543403,1.4561021327972412,1.8580360412597656,0.6027875475353991,1.0,3251,0,0.26254164632715715,67773440.0,0.5250832926543143,0.1683171590169271,0.6808340252308761,78131200.0,ok,,285.3707346916199
1,5,400,384,4,0.6658954589887647,0.4234574800707196,3.1,-27.186320440951103,27.186320440951103,2.2499663829803467,2.7818264961242676,0.7932682414610223,1.0,2490,0,0.1982593421241201,66752804.571428575,0.49564835531030027,0.16578238351004465,0.6535861027195642,77844480.0,ok,,247.35097861289978
1,6,550,1024,3,0.6626951056876456,0.3666959161095959,4.65,-30.78211498111883,30.78211498111883,1.5382046699523926,1.9453752040863037,0.7003341293368972,1.0,2804,0,0.2901920389516578,68633356.1904762,0.5276218890030141,0.06391979399181548,0.6606837023363793,78069760.0,ok,,238.74283361434937
1,7,450,640,4,0.6636086426802522,0.3809399374140088,4.3,-31.59626280830062,31.59626280830062,1.690910816192627,2.0148959159851074,0.6829056437317192,1.0,2869,0,0.22364747260552478,67807524.57142857,0.4969943835678328,0.10104108537946428,0.6443933025623926,78843904.0,ok,,260.19926738739014
1,8,250,128,4,0.6633320583495769,0.6678866190680154,1.5,-17.679379481274456,17.679379481274456,2.6822497844696045,3.295602798461914,1.2220151023605403,1.0,1618,0,0.13687385626470308,66380507.428571425,0.5474954250588123,0.4945733206612723,0.7500188436047808,78618624.0,ok,,251.9740309715271
1,9,450,384,3,0.6702340188315996,0.42631218487753,2.4749999999999996,-24.90798152170902,24.90798152170902,1.8862345218658447,2.35864520072937,0.8678693302100671,1.0,2266,0,0.24879100395208828,67554547.8095238,0.5528688976713073,0.16777353438120038,0.6564980676717266,78970880.0,ok,,244.21788787841797
1,10,450,896,4,0.658350191029985,0.382279515324722,5.3,-32.35621454556842,32.35621454556842,1.6664819717407227,2.1881916522979736,0.6666623522980163,1.0,2934,0,0.21759298271627142,65595099.428571425,0.48353996159171425,0.06981736786511479,0.6809277876248904,78573568.0,ok,,262.71959948539734
1,11,500,256,3,0.6687841079947798,0.5088914522557859,2.25,-27.743230138674893,27.743230138674893,1.6948776245117188,2.2440569400787354,0.7799153185574113,1.0,2512,0,0.2753447842195257,67546160.76190476,0.5506895684390514,0.2516290573846726,0.7350375431834467,75898880.0,ok,,246.00126099586487
2,0,450,256,4,0.6749611866212941,0.4657099267356413,2.8,-31.933983445082596,31.933983445082596,1.595149040222168,2.145902156829834,0.6752648920888086,1.0,2904,0,0.23313289061188525,68458057.14285715,0.5180730902486339,0.2550261361258371,0.6353230517134701,79482880.0,ok,,299.770391702652
2,1,400,896,2,0.6527422793596833,0.4380879733769693,2.55,-14.466091505663849,14.466091505663849,2.877678155899048,2.996556043624878,1.4946197704429485,1.0,1335,0,0.21238044870251002,67019044.571428575,0.530951121756275,0.071332970444037,0.7931942921780457,77963264.0,ok,,221.2212414741516
2,2,100,384,1,0.40450248046495313,0.5222583777778669,0.475,-2.2844364229215577,2.2844364229215577,12.489434003829956,12.489434003829956,7.048552831013997,0.05286343612334802,227,215,0.06186235969761467,67656557.71428572,0.6186235969761467,0.1680268787202381,0.8526730869359421,77246464.0,ok,,176.8266942501068
2,3,400,256,4,0.6698832723417207,0.4986428327554279,2.6,-28.57568666345933,28.57568666345933,1.9696614742279053,2.7002036571502686,0.7522165115959686,1.0,2618,0,0.21268384801376386,68452059.42857143,0.5317096200344096,0.25500379289899555,0.7043016567217933,78647296.0,ok,,308.63854241371155
2,4,450,384,4,0.6676616610138182,0.4358956914842004,3.3,-32.43021034491973,32.43021034491973,1.6024587154388428,2.0788631439208984,0.6635496523577953,1.0,2955,0,0.23479944747272924,71371337.14285715,0.5217765499393983,0.1772526332310268,0.6730100515881924,80039936.0,ok,,290.14136242866516
2,5,500,512,4,0.6633271326496942,0.40998929681687296,4.0,-35.61216498589036,35.61216498589036,1.457758903503418,1.9165687561035156,0.604372228116285,1.0,3237,0,0.24945193713666874,67162258.28571428,0.4989038742733375,0.12509945460728236,0.6748751390439022,77901824.0,ok,,252.50790786743164
2,6,400,512,4,0.667785179274689,0.3845056516215233,3.6,-28.059416113649167,28.059416113649167,2.126678705215454,2.4764277935028076,0.7687825616536565,1.0,2556,0,0.2060529857367431,66482907.428571425,0.5151324643418578,0.12383406502859932,0.6227710688680466,78512128.0,ok,,257.06231689453125
2,7,200,256,4,0.6624886851869878,0.5253885999198755,1.8,-13.26259875972945,13.26259875972945,3.8355469703674316,5.083958148956299,1.634372452829705,1.0,1220,0,0.10361525672755133,67249883.42857143,0.5180762836377566,0.2505253383091518,0.758540871714751,78446592.0,ok,,243.8748140335083
2,8,450,384,3,0.6702340188315996,0.42631218487753,2.4749999999999996,-24.90798152170902,24.90798152170902,1.8862345218658447,2.35864520072937,0.8678693302100671,1.0,2266,0,0.24879100395208828,67554547.8095238,0.5528688976713073,0.16777353438120038,0.6564980676717266,78970880.0,ok,,244.21788787841797
2,9,400,256,3,0.6683623828986786,0.5227279739288505,1.9500000000000002,-21.98569182619045,21.98569182619045,2.191678524017334,2.656062364578247,0.982772111063212,1.0,2012,0,0.22587786279516564,69088402.28571428,0.5646946569879141,0.25737435477120535,0.748580947857701,79691776.0,ok,,232.1183376312256
2,10,550,256,4,0.677179914881957,0.44791710926228173,3.2,-39.15345212654555,39.15345212654555,1.5457191467285156,1.872485876083374,0.5495794439867597,1.0,3543,0,0.2739916777199845,67241398.85714285,0.49816668676360815,0.2504937308175223,0.5991118064151885,79650816.0,ok,,259.58651852607727
2,11,400,384,4,0.6658954589887647,0.4234574800707196,3.1,-27.186320440951103,27.186320440951103,2.2499663829803467,2.7818264961242676,0.7932682414610223,1.0,2490,0,0.1982593421241201,66752804.571428575,0.49564835531030027,0.16578238351004465,0.6535861027195642,77844480.0,ok,,247.35097861289978
3,0,550,256,4,0.677179914881957,0.44791710926228173,3.2,-39.15345212654555,39.15345212654555,1.5457191467285156,1.872485876083374,0.5495794439867597,1.0,3543,0,0.2739916777199845,67241398.85714285,0.49816668676360815,0.2504937308175223,0.5991118064151885,79650816.0,ok,,259.58651852607727
3,1,400,1024,1,0.6483003247204542,0.4910144564971589,1.4,-7.524915809529773,7.524915809529773,2.9808270931243896,2.9854588508605957,2.902790289524703,1.0,684,0,0.24642884160801115,63407250.28571428,0.6160721040200279,0.05905260358537946,0.9176330084533022,69144576.0,ok,,164.56212997436523
3,2,500,1024,4,0.6621691760367279,0.3792494126673473,6.0,-36.56003694066983,36.56003694066983,1.29371976852417,1.7005183696746826,0.5889236424719859,1.0,3313,0,0.2666895216461454,70039113.14285715,0.5333790432922908,0.06522900717599052,0.6843144076100852,79654912.0,ok,,299.52885341644287
3,3,500,256,4,0.6740301713725088,0.46341903777553245,3.0,-35.26546039516515,35.26546039516515,1.6071381568908691,2.014075756072998,0.6102828612122324,1.0,3206,0,0.2485167482633926,67853750.85714285,0.4970334965267852,0.25277491978236605,0.6284829730120024,80089088.0,ok,,268.6478946208954
3,4,500,128,4,0.6704266287848984,0.6047145163440859,2.5,-35.78943019155457,35.78943019155457,1.466336965560913,1.7546892166137695,0.6001856815013903,1.0,3259,0,0.24805622508581743,65238454.85714286,0.49611245017163486,0.48606436593191965,0.6271841596412967,78147584.0,ok,,295.4173254966736
3,5,500,512,4,0.6633271326496942,0.40998929681687296,4.0,-35.61216498589036,35.61216498589036,1.457758903503418,1.9165687561035156,0.604372228116285,1.0,3237,0,0.24945193713666874,67162258.28571428,0.4989038742733375,0.12509945460728236,0.6748751390439022,77901824.0,ok,,252.50790786743164
3,6,450,384,4,0.6676616610138182,0.4358956914842004,3.3,-32.43021034491973,32.43021034491973,1.6024587154388428,2.0788631439208984,0.6635496523577953,1.0,2955,0,0.23479944747272924,71371337.14285715,0.5217765499393983,0.1772526332310268,0.6730100515881924,80039936.0,ok,,290.14136242866516
3,7,450,256,4,0.6749611866212941,0.4657099267356413,2.8,-31.933983445082596,31.933983445082596,1.595149040222168,2.145902156829834,0.6752648920888086,1.0,2904,0,0.23313289061188525,68458057.14285715,0.5180730902486339,0.2550261361258371,0.6353230517134701,79482880.0,ok,,299.770391702652
3,8,400,256,4,0.6698832723417207,0.4986428327554279,2.6,-28.57568666345933,28.57568666345933,1.9696614742279053,2.7002036571502686,0.7522165115959686,1.0,2618,0,0.21268384801376386,68452059.42857143,0.5317096200344096,0.25500379289899555,0.7043016567217933,78647296.0,ok,,308.63854241371155
3,9,400,256,3,0.6683623828986786,0.5227279739288505,1.9500000000000002,-21.98569182619045,21.98569182619045,2.191678524017334,2.656062364578247,0.982772111063212,1.0,2012,0,0.22587786279516564,69088402.28571428,0.5646946569879141,0.25737435477120535,0.748580947857701,79691776.0,ok,,232.1183376312256
3,10,400,128,4,0.6671483254004958,0.6315202685311743,2.1,-28.7941089497924,28.7941089497924,1.8624053001403809,2.3400275707244873,0.7504491451870975,1.0,2612,0,0.19948290391954376,68440941.71428572,0.4987072597988594,0.5099247523716518,0.6746616308123486,78970880.0,ok,,294.6860816478729
3,11,300,256,4,0.6683853124980104,0.4924716668670652,2.2,-20.958587972977487,20.958587972977487,2.6925389766693115,3.141359806060791,1.0291916921944249,1.0,1921,0,0.15465656022874147,67722971.42857143,0.5155218674291383,0.25228772844587055,0.6925849352966305,78479360.0,ok,,254.71789813041687
4,0,550,256,4,0.677179914881957,0.44791710926228173,3.2,-39.15345212654555,39.15345212654555,1.5457191467285156,1.872485876083374,0.5495794439867597,1.0,3543,0,0.2739916777199845,67241398.85714285,0.49816668676360815,0.2504937308175223,0.5991118064151885,79650816.0,ok,,259.58651852607727
4,1,450,256,1,0.6646332005045912,0.5339238042393317,0.7,-8.772135069787637,8.772135069787637,2.590449333190918,2.59539794921875,2.4903073947435663,1.0,794,0,0.2650430093896828,67926308.57142857,0.5889844653104062,0.2530452183314732,0.7898782481271008,74616832.0,ok,,188.59378051757812
4,2,550,128,1,0.6636533540945297,0.6721342693164813,0.675,-10.48697670501091,10.48697670501091,2.1666243076324463,2.1701090335845947,2.081603813271985,1.0,948,0,0.34314716195126493,67233499.42857143,0.6239039308204817,0.5009286063058036,0.7558591148048378,78974976.0,ok,,151.7127206325531
4,3,500,384,4,0.6673648545096595,0.43743747973783387,3.5,-35.73206367543403,35.73206367543403,1.4561021327972412,1.8580360412597656,0.6027875475353991,1.0,3251,0,0.26254164632715715,67773440.0,0.5250832926543143,0.1683171590169271,0.6808340252308761,78131200.0,ok,,285.3707346916199
4,4,700,256,4,0.6828481845373886,0.42678762194239145,3.8,-50.89522040073048,50.89522040073048,0.9944748878479004,1.2652642726898193,0.42099654542219395,1.0,4595,0,0.35819123855498886,66827264.0,0.5117017693642698,0.24895095825195312,0.5665269040410329,77053952.0,ok,,305.4132809638977
4,5,500,256,4,0.6740301713725088,0.46341903777553245,3.0,-35.26546039516515,35.26546039516515,1.6071381568908691,2.014075756072998,0.6102828612122324,1.0,3206,0,0.2485167482633926,67853750.85714285,0.4970334965267852,0.25277491978236605,0.6284829730120024,80089088.0,ok,,268.6478946208954
4,6,500,128,4,0.6704266287848984,0.6047145163440859,2.5,-35.78943019155457,35.78943019155457,1.466336965560913,1.7546892166137695,0.6001856815013903,1.0,3259,0,0.24805622508581743,65238454.85714286,0.49611245017163486,0.48606436593191965,0.6271841596412967,78147584.0,ok,,295.4173254966736
4,7,500,128,3,0.6698931685316298,0.6308161192362267,1.875,-27.799420968808775,27.799420968808775,1.7384226322174072,2.183195114135742,0.7786059718149042,1.0,2521,0,0.2689862051153113,66190969.90476191,0.5379724102306226,0.49316115606398814,0.6682484494099535,79642624.0,ok,,257.1068046092987
4,8,300,256,4,0.6683853124980104,0.4924716668670652,2.2,-20.958587972977487,20.958587972977487,2.6925389766693115,3.141359806060791,1.0291916921944249,1.0,1921,0,0.15465656022874147,67722971.42857143,0.5155218674291383,0.25228772844587055,0.6925849352966305,78479360.0,ok,,254.71789813041687
4,9,250,256,4,0.666369307230201,0.5102792501004649,2.0,-17.675391535256246,17.675391535256246,2.7041077613830566,3.1905899047851562,1.226966058506685,1.0,1615,0,0.13203371048983845,67549915.42857143,0.5281348419593538,0.2516430446079799,0.7265826701228048,78913536.0,ok,,312.2686085700989
4,10,100,256,4,0.5666685611327207,0.5503762187912815,1.4,-6.140097676058307,6.140097676058307,7.912142515182495,8.670283555984497,3.2686212613350816,0.972972972972973,592,16,0.05433215720755053,63237120.0,0.5433215720755052,0.23557662963867188,0.8088670616060005,78352384.0,ok,,280.67571353912354
4,11,450,256,4,0.6749611866212941,0.4657099267356413,2.8,-31.933983445082596,31.933983445082596,1.595149040222168,2.145902156829834,0.6752648920888086,1.0,2904,0,0.23313289061188525,68458057.14285715,0.5180730902486339,0.2550261361258371,0.6353230517134701,79482880.0,ok,,299.770391702652
5,0,700,256,4,0.6828481845373886,0.42678762194239145,3.8,-50.89522040073048,50.89522040073048,0.9944748878479004,1.2652642726898193,0.42099654542219395,1.0,4595,0,0.35819123855498886,66827264.0,0.5117017693642698,0.24895095825195312,0.5665269040410329,77053952.0,ok,,305.4132809638977
5,1,550,256,4,0.677179914881957,0.44791710926228173,3.2,-39.15345212654555,39.15345212654555,1.5457191467285156,1.872485876083374,0.5495794439867597,1.0,3543,0,0.2739916777199845,67241398.85714285,0.49816668676360815,0.2504937308175223,0.5991118064151885,79650816.0,ok,,259.58651852607727
5,2,200,384,1,0.5823895725256762,0.48004537545733683,0.575,-3.724486743867654,3.724486743867654,7.7017951011657715,7.717836141586304,5.982567711018804,0.97953216374269,342,7,0.12452038854379768,65152146.28571428,0.6226019427189884,0.1618071056547619,0.7728145464875903,75407360.0,ok,,208.96957659721375
5,3,500,256,4,0.6740301713725088,0.46341903777553245,3.0,-35.26546039516515,35.26546039516515,1.6071381568908691,2.014075756072998,0.6102828612122324,1.0,3206,0,0.2485167482633926,67853750.85714285,0.4970334965267852,0.25277491978236605,0.6284829730120024,80089088.0,ok,,268.6478946208954
5,4,450,256,4,0.6749611866212941,0.4657099267356413,2.8,-31.933983445082596,31.933983445082596,1.595149040222168,2.145902156829834,0.6752648920888086,1.0,2904,0,0.23313289061188525,68458057.14285715,0.5180730902486339,0.2550261361258371,0.6353230517134701,79482880.0,ok,,299.770391702652
5,5,500,128,4,0.6704266287848984,0.6047145163440859,2.5,-35.78943019155457,35.78943019155457,1.466336965560913,1.7546892166137695,0.6001856815013903,1.0,3259,0,0.24805622508581743,65238454.85714286,0.49611245017163486,0.48606436593191965,0.6271841596412967,78147584.0,ok,,295.4173254966736
5,6,600,256,4,0.6789652553414314,0.44928106419026326,3.4,-43.114100783523,43.114100783523,1.1923623085021973,1.5248911380767822,0.49803104596260267,1.0,3900,0,0.3105545745237686,67590436.57142857,0.5175909575396144,0.2517939976283482,0.603594477013339,79179776.0,ok,,279.082537651062
5,7,600,256,3,0.6563025713510134,0.5601869676604168,2.55,-33.48096317764696,33.48096317764696,1.4661061763763428,1.8107609748840332,0.6434384266926934,1.0,3045,0,0.4514250562026638,69432856.38095237,0.7523750936711064,0.2586575462704613,0.8232242771177086,79765504.0,ok,,119.35014939308167
5,8,500,256,3,0.6687841079947798,0.5088914522557859,2.25,-27.743230138674893,27.743230138674893,1.6948776245117188,2.2440569400787354,0.7799153185574113,1.0,2512,0,0.2753447842195257,67546160.76190476,0.5506895684390514,0.2516290573846726,0.7350375431834467,75898880.0,ok,,246.00126099586487
5,9,450,256,3,0.6694906029756524,0.5033291071058685,2.0999999999999996,-24.18897905134002,24.18897905134002,2.177760124206543,2.4654176235198975,0.8925460400544664,1.0,2209,0,0.24668215668842028,66467547.428571425,0.5481825704187118,0.24761090959821427,0.7147118030789245,78368768.0,ok,,255.7210988998413
5,10,650,256,4,0.6788749365684394,0.4365093197601542,3.6,-46.51240719091244,46.51240719091244,1.0850398540496826,1.3821539878845215,0.46042410643823856,1.0,4217,0,0.3163658860555242,66872173.71428572,0.4867167477777295,0.2491182599748884,0.5786155633484334,79028224.0,ok,,255.14089727401733
5,11,700,640,4,0.6770908830602824,0.31577930753304373,5.3,-49.308867731688466,49.308867731688466,1.131014347076416,1.4476618766784668,0.43381001965848626,1.0,4469,0,0.34836802955520224,67770075.42857143,0.49766861365028897,0.10098528180803572,0.5165012420192124,77213696.0,ok,,261.9394817352295
6,0,700,256,4,0.6828481845373886,0.42678762194239145,3.8,-50.89522040073048,50.89522040073048,0.9944748878479004,1.2652642726898193,0.42099654542219395,1.0,4595,0,0.35819123855498886,66827264.0,0.5117017693642698,0.24895095825195312,0.5665269040410329,77053952.0,ok,,305.4132809638977
6,1,350,384,1,0.6519064884824322,0.5416378985146115,0.725,-6.830460791453991,6.830460791453991,3.289076566696167,3.467231035232544,3.198856207159345,1.0,618,0,0.22230511566915395,65886500.571428575,0.6351574733404399,0.16363089425223215,0.9058465978104729,71442432.0,ok,,164.4101152420044
6,2,450,512,1,0.6595290073367202,0.4556678540973872,0.95,-8.88990099777614,8.88990099777614,2.5022730827331543,2.558178424835205,2.4557450098149918,1.0,816,0,0.27738149307987486,69095424.0,0.6164033179552775,0.12870025634765625,0.7677352443275869,77094912.0,ok,,197.08330941200256
6,3,650,128,4,0.677740663955684,0.5922897592281815,3.1,-45.924303767415374,45.924303767415374,1.1446912288665771,1.4481112957000732,0.4669211499689865,1.0,4166,0,0.3348365681557963,67792603.42857143,0.5151331817781482,0.5050942557198661,0.5877167254876129,80109568.0,ok,,262.7206492424011
6,4,100,256,4,0.5666685611327207,0.5503762187912815,1.4,-6.140097676058307,6.140097676058307,7.912142515182495,8.670283555984497,3.2686212613350816,0.972972972972973,592,16,0.05433215720755053,63237120.0,0.5433215720755052,0.23557662963867188,0.8088670616060005,78352384.0,ok,,280.67571353912354
6,5,700,384,4,0.6762379332042913,0.3836571597495636,4.3,-48.880892071758936,48.880892071758936,1.1628437042236328,1.4346065521240234,0.43857697218279296,1.0,4424,0,0.3518297294649793,67068050.28571428,0.5026138992356848,0.16656530471075148,0.5703436977543356,79310848.0,ok,,275.71702313423157
6,6,550,256,4,0.677179914881957,0.44791710926228173,3.2,-39.15345212654555,39.15345212654555,1.5457191467285156,1.872485876083374,0.5495794439867597,1.0,3543,0,0.2739916777199845,67241398.85714285,0.49816668676360815,0.2504937308175223,0.5991118064151885,79650816.0,ok,,259.58651852607727
6,7,600,256,4,0.6789652553414314,0.44928106419026326,3.4,-43.114100783523,43.114100783523,1.1923623085021973,1.5248911380767822,0.49803104596260267,1.0,3900,0,0.3105545745237686,67590436.57142857,0.5175909575396144,0.2517939976283482,0.603594477013339,79179776.0,ok,,279.082537651062
6,8,500,256,4,0.6740301713725088,0.46341903777553245,3.0,-35.26546039516515,35.26546039516515,1.6071381568908691,2.014075756072998,0.6102828612122324,1.0,3206,0,0.2485167482633926,67853750.85714285,0.4970334965267852,0.25277491978236605,0.6284829730120024,80089088.0,ok,,268.6478946208954
6,9,650,256,4,0.6788749365684394,0.4365093197601542,3.6,-46.51240719091244,46.51240719091244,1.0850398540496826,1.3821539878845215,0.46042410643823856,1.0,4217,0,0.3163658860555242,66872173.71428572,0.4867167477777295,0.2491182599748884,0.5786155633484334,79028224.0,ok,,255.14089727401733
6,10,700,640,4,0.6770908830602824,0.31577930753304373,5.3,-49.308867731688466,49.308867731688466,1.131014347076416,1.4476618766784668,0.43381001965848626,1.0,4469,0,0.34836802955520224,67770075.42857143,0.49766861365028897,0.10098528180803572,0.5165012420192124,77213696.0,ok,,261.9394817352295
6,11,700,256,3,0.6862327731068077,0.4243123308670159,2.8499999999999996,-37.49208039221703,37.49208039221703,1.3675150871276855,1.5827155113220215,0.5734465035702843,1.0,3417,0,0.3770273085692008,69385849.9047619,0.538610440813144,0.258482433500744,0.5501169713043443,80130048.0,ok,,260.87622237205505
7,0,700,256,3,0.6862327731068077,0.4243123308670159,2.8499999999999996,-37.49208039221703,37.49208039221703,1.3675150871276855,1.5827155113220215,0.5734465035702843,1.0,3417,0,0.3770273085692008,69385849.9047619,0.538610440813144,0.258482433500744,0.5501169713043443,80130048.0,ok,,260.87622237205505
7,1,550,512,3,0.666078622614794,0.4140825913229022,3.1500000000000004,-30.549354825313312,30.549354825313312,1.6678526401519775,1.9397704601287842,0.7063008648174297,1.0,2776,0,0.29907254460607213,68488045.71428572,0.5437682629201311,0.12756892613002233,0.6798421235637732,79630336.0,ok,,269.48904633522034
7,2,400,896,3,0.6634455801286745,0.389463849277746,3.8249999999999997,-22.27428554689495,22.27428554689495,2.190237283706665,2.6361610889434814,0.9700984843203797,1.0,2029,0,0.23077627614953428,67927478.85714285,0.5769406903738357,0.07229987942442602,0.6974370456537063,76562432.0,ok,,248.44843244552612
7,3,700,256,4,0.6828481845373886,0.42678762194239145,3.8,-50.89522040073048,50.89522040073048,0.9944748878479004,1.2652642726898193,0.42099654542219395,1.0,4595,0,0.35819123855498886,66827264.0,0.5117017693642698,0.24895095825195312,0.5665269040410329,77053952.0,ok,,305.4132809638977
7,4,650,256,4,0.6788749365684394,0.4365093197601542,3.6,-46.51240719091244,46.51240719091244,1.0850398540496826,1.3821539878845215,0.46042410643823856,1.0,4217,0,0.3163658860555242,66872173.71428572,0.4867167477777295,0.2491182599748884,0.5786155633484334,79028224.0,ok,,255.14089727401733
7,5,650,128,4,0.677740663955684,0.5922897592281815,3.1,-45.924303767415374,45.924303767415374,1.1446912288665771,1.4481112957000732,0.4669211499689865,1.0,4166,0,0.3348365681557963,67792603.42857143,0.5151331817781482,0.5050942557198661,0.5877167254876129,80109568.0,ok,,262.7206492424011
7,6,650,512,4,0.6767724282928387,0.3356115921268262,4.6,-46.21475464229926,46.21475464229926,1.2579615116119385,1.4996337890625,0.46404304269510616,1.0,4182,0,0.31666160706837715,67841609.14285715,0.48717170318211866,0.1263648441859654,0.5226712433356836,79753216.0,ok,,262.28920459747314
7,7,500,256,4,0.6740301713725088,0.46341903777553245,3.0,-35.26546039516515,35.26546039516515,1.6071381568908691,2.014075756072998,0.6102828612122324,1.0,3206,0,0.2485167482633926,67853750.85714285,0.4970334965267852,0.25277491978236605,0.6284829730120024,80089088.0,ok,,268.6478946208954
7,8,600,256,4,0.6789652553414314,0.44928106419026326,3.4,-43.114100783523,43.114100783523,1.1923623085021973,1.5248911380767822,0.49803104596260267,1.0,3900,0,0.3105545745237686,67590436.57142857,0.5175909575396144,0.2517939976283482,0.603594477013339,79179776.0,ok,,279.082537651062
7,9,200,256,4,0.6624886851869878,0.5253885999198755,1.8,-13.26259875972945,13.26259875972945,3.8355469703674316,5.083958148956299,1.634372452829705,1.0,1220,0,0.10361525672755133,67249883.42857143,0.5180762836377566,0.2505253383091518,0.758540871714751,78446592.0,ok,,243.8748140335083
7,10,650,128,3,0.6775625949240519,0.5926417641423147,2.325,-36.09632264458307,36.09632264458307,1.4063763618469238,1.6562488079071045,0.5962740583154648,1.0,3273,0,0.3442561096754984,67850825.14285715,0.5296247841161514,0.5055280412946429,0.5922354325815045,79597568.0,ok,,251.5225908756256
7,11,200,384,4,0.6592863840492486,0.47123368662261444,2.3,-13.535978263012783,13.535978263012783,4.175964832305908,5.188777923583984,1.5975531309819009,1.0,1239,0,0.10519998514910323,62864237.71428572,0.5259999257455161,0.1561250232514881,0.7460562404327289,79085568.0,ok,,335.77463817596436
